<?xml version="1.0" encoding="utf-8"?>
<GameData xmlns:xsi="http://www.w3.org/2001/XMLSchema-instance" xmlns:xsd="http://www.w3.org/2001/XMLSchema">
  <FabricatorRecipes>
	<RecipeData>
      <PrefabName>ApplianceChemistryStation</PrefabName>
      <Recipe>
	  	<Time>10</Time>
		<Energy>500</Energy>
        <Iron>50</Iron>
		<Gold>1</Gold>
		<Carbon>0</Carbon>
		<Copper>2</Copper>
		<Steel>0</Steel>
		<Uranium>0</Uranium>       
		<Hydrocarbon>0</Hydrocarbon>
      </Recipe>	  
    </RecipeData>
	<RecipeData>
      <PrefabName>ItemEggCarton</PrefabName>
      <Recipe>
	  	<Time>10</Time>
		<Energy>100</Energy>
        <Silicon>2</Silicon>
      </Recipe>	  
    </RecipeData>
	<RecipeData>
      <PrefabName>ItemRTG</PrefabName>
      <Recipe>
	  	<Time>20</Time>
		<Energy>2000</Energy>
		<Steel>250</Steel>
		<Iron>250</Iron>
		<Copper>250</Copper>
		<Electrum>100</Electrum>
		<Invar>100</Invar>
      </Recipe>	  
    </RecipeData>
	<RecipeData>
      <PrefabName>ItemGrenade</PrefabName>
      <Recipe>
	  	<Time>1</Time>
		<Energy>500</Energy>
        <Iron>1</Iron>
		<Copper>1</Copper>
		<Lead>1</Lead>
		<Steel>1</Steel>
		<Solder>1</Solder>
		<Electrum>1</Electrum>
		<Invar>1</Invar>
		<Constantan>1</Constantan>
		<Carbon>0</Carbon>		      
		<Hydrocarbon>0</Hydrocarbon>
		<Uranium>0</Uranium> 
      </Recipe>	  
    </RecipeData>
	<RecipeData>
      <PrefabName>ApplianceMicrowave</PrefabName>
      <Recipe>
	  	<Time>5</Time>
		<Energy>500</Energy>
        <Iron>5</Iron>
		<Gold>1</Gold>
		<Carbon>0</Carbon>
		<Copper>2</Copper>
		<Steel>0</Steel>
		<Uranium>0</Uranium>       
		<Hydrocarbon>0</Hydrocarbon>
      </Recipe>	  
    </RecipeData>
	<RecipeData>
      <PrefabName>ApplianceReagentProcessor</PrefabName>
      <Recipe>
	  	<Time>5</Time>
		<Energy>500</Energy>
        <Iron>5</Iron>
		<Gold>1</Gold>
		<Carbon>0</Carbon>
		<Copper>2</Copper>
		<Steel>0</Steel>
		<Uranium>0</Uranium>       
		<Hydrocarbon>0</Hydrocarbon>
      </Recipe>	  
    </RecipeData>
	<RecipeData>
      <PrefabName>CircuitboardAirControl</PrefabName>
      <Recipe>
	  	<Time>1</Time>
		<Energy>500</Energy>
        <Iron>0</Iron>
		<Gold>5</Gold>
		<Carbon>0</Carbon>
		<Copper>5</Copper>
		<Steel>0</Steel>
		<Uranium>0</Uranium>       
		<Hydrocarbon>0</Hydrocarbon>
      </Recipe>	  
    </RecipeData>	
	<RecipeData>
      <PrefabName>CircuitboardAirlockControl</PrefabName>
      <Recipe>
	  	<Time>1</Time>
		<Energy>500</Energy>
        <Iron>1</Iron>
		<Gold>5</Gold>
		<Carbon>0</Carbon>
		<Copper>5</Copper>
		<Steel>0</Steel>
		<Uranium>0</Uranium>       
		<Hydrocarbon>0</Hydrocarbon>
      </Recipe>	  
    </RecipeData>
	<RecipeData>
      <PrefabName>CircuitboardDoorControl</PrefabName>
      <Recipe>
	  	<Time>1</Time>
		<Energy>500</Energy>
        <Iron>0</Iron>
		<Gold>5</Gold>
		<Carbon>0</Carbon>
		<Copper>5</Copper>
		<Steel>0</Steel>
		<Uranium>0</Uranium>       
		<Hydrocarbon>0</Hydrocarbon>
      </Recipe>	  
    </RecipeData>
	<RecipeData>
      <PrefabName>CircuitboardGasDisplay</PrefabName>
      <Recipe>
	  	<Time>1</Time>
		<Energy>500</Energy>
        <Iron>1</Iron>
		<Gold>5</Gold>
		<Carbon>0</Carbon>
		<Copper>5</Copper>
		<Steel>0</Steel>
		<Uranium>0</Uranium>       
		<Hydrocarbon>0</Hydrocarbon>
      </Recipe>	  
    </RecipeData>
	<RecipeData>
      <PrefabName>CircuitboardModeControl</PrefabName>
      <Recipe>
	  	<Time>1</Time>
		<Energy>500</Energy>
        <Iron>0</Iron>
		<Gold>5</Gold>
		<Carbon>0</Carbon>
		<Copper>5</Copper>
		<Steel>0</Steel>
		<Uranium>0</Uranium>       
		<Hydrocarbon>0</Hydrocarbon>
      </Recipe>	  
    </RecipeData>	
	<RecipeData>
      <PrefabName>CircuitboardPowerControl</PrefabName>
      <Recipe>
	  	<Time>1</Time>
		<Energy>500</Energy>
        <Iron>0</Iron>
		<Gold>5</Gold>
		<Carbon>0</Carbon>
		<Copper>5</Copper>
		<Steel>0</Steel>
		<Uranium>0</Uranium>       
		<Hydrocarbon>0</Hydrocarbon>
      </Recipe>	  
    </RecipeData>	
	<RecipeData>
      <PrefabName>CircuitboardShipDisplay</PrefabName>
      <Recipe>
	  	<Time>1</Time>
		<Energy>500</Energy>
        <Iron>0</Iron>
		<Gold>5</Gold>
		<Carbon>0</Carbon>
		<Copper>5</Copper>
		<Steel>0</Steel>
		<Uranium>0</Uranium>       
		<Hydrocarbon>0</Hydrocarbon>
      </Recipe>	  
    </RecipeData>
	<RecipeData>
      <PrefabName>CircuitboardSolarControl</PrefabName>
      <Recipe>
	  	<Time>1</Time>
		<Energy>500</Energy>
        <Iron>0</Iron>
		<Gold>5</Gold>
		<Carbon>0</Carbon>
		<Copper>5</Copper>
		<Steel>0</Steel>
		<Uranium>0</Uranium>       
		<Hydrocarbon>0</Hydrocarbon>
      </Recipe>	  
    </RecipeData>	
	<RecipeData>
      <PrefabName>ItemActiveVent</PrefabName>
      <Recipe>
	  	<Time>1</Time>
		<Energy>500</Energy>
        <Iron>5</Iron>
		<Gold>1</Gold>
		<Carbon>0</Carbon>
		<Copper>5</Copper>
		<Steel>0</Steel>
		<Uranium>0</Uranium>       
		<Hydrocarbon>0</Hydrocarbon>
      </Recipe>	  
    </RecipeData>
	<RecipeData>
      <PrefabName>ItemAngleGrinder</PrefabName>
      <Recipe>
	  	<Time>10</Time>
		<Energy>500</Energy>
        <Iron>3</Iron>
		<Gold>0</Gold>
		<Carbon>0</Carbon>
		<Copper>1</Copper>
		<Steel>0</Steel>
		<Uranium>0</Uranium>       
		<Hydrocarbon>0</Hydrocarbon>
      </Recipe>	  
    </RecipeData>	
	<RecipeData>
      <PrefabName>ItemAreaPowerControl</PrefabName>
      <Recipe>
	  	<Time>1</Time>
		<Energy>500</Energy>
        <Iron>5</Iron>
		<Copper>2</Copper>
		<Gold>0</Gold>
		<Silver>0</Silver>
		<Lead>0</Lead>
		<Nickel>0</Nickel>
		<Steel>0</Steel>
		<Solder>3</Solder>
		<Electrum>0</Electrum>
		<Invar>0</Invar>
		<Constantan>0</Constantan>
		<Carbon>0</Carbon>		      
		<Hydrocarbon>0</Hydrocarbon>
		<Uranium>0</Uranium> 
      </Recipe>	  
    </RecipeData>	
	<RecipeData>
      <PrefabName>ItemBatteryCell</PrefabName>
      <Recipe>
	  	<Time>1</Time>
		<Energy>500</Energy>
        <Iron>5</Iron>
		<Gold>0</Gold>
		<Carbon>0</Carbon>
		<Copper>5</Copper>
		<Steel>0</Steel>
		<Uranium>0</Uranium>       
		<Hydrocarbon>0</Hydrocarbon>
      </Recipe>	  
    </RecipeData>
	<RecipeData>
      <PrefabName>ItemBatteryCellLarge</PrefabName>
      <Recipe>
	  	<Time>20</Time>
		<Energy>100</Energy>
		<Gold>5</Gold>
		<Copper>10</Copper>
		<Steel>3</Steel>
      </Recipe>	  
    </RecipeData>	
	<RecipeData>
      <PrefabName>ItemBatteryCellNuclear</PrefabName>
      <Recipe>
	  	<Time>5</Time>
		<Energy>500</Energy>
        <Iron>0</Iron>
		<Copper>0</Copper>
		<Gold>0</Gold>
		<Silver>0</Silver>
		<Lead>0</Lead>
		<Nickel>0</Nickel>
		<Steel>0</Steel>
		<Solder>10</Solder>
		<Electrum>20</Electrum>
		<Invar>10</Invar>
		<Constantan>10</Constantan>
		<Carbon>0</Carbon>		      
		<Hydrocarbon>0</Hydrocarbon>
		<Uranium>0</Uranium> 
      </Recipe>	   
    </RecipeData>	
	<RecipeData>
      <PrefabName>ItemBatteryCharger</PrefabName>
      <Recipe>
	  	<Time>1</Time>
		<Energy>500</Energy>
        <Iron>10</Iron>
		<Gold>5</Gold>
		<Carbon>0</Carbon>
		<Copper>5</Copper>
		<Steel>0</Steel>
		<Uranium>0</Uranium>       
		<Hydrocarbon>0</Hydrocarbon>
      </Recipe>	  
    </RecipeData>
	<RecipeData>
      <PrefabName>ItemBeacon</PrefabName>
      <Recipe>
		<Time>10</Time>
		<Energy>500</Energy>	  
        <Iron>2</Iron>
		<Gold>1</Gold>
		<Carbon>0</Carbon>
		<Copper>2</Copper>
		<Steel>0</Steel>
		<Uranium>0</Uranium>       
		<Hydrocarbon>0</Hydrocarbon>
      </Recipe>	  
    </RecipeData>
	<RecipeData>
      <PrefabName>ItemCableAnalyser</PrefabName>
      <Recipe>
	  	<Time>5</Time>
		<Energy>100</Energy>
        <Iron>1</Iron>
		<Copper>2</Copper>
		<Gold>0</Gold>
		<Silicon>2</Silicon>
		<Silver>0</Silver>
		<Lead>0</Lead>
		<Nickel>0</Nickel>
		<Steel>0</Steel>
		<Solder>0</Solder>
		<Electrum>0</Electrum>
		<Invar>0</Invar>
		<Constantan>0</Constantan>
		<Carbon>0</Carbon>		      
		<Hydrocarbon>0</Hydrocarbon>
		<Uranium>0</Uranium> 
      </Recipe>	  
    </RecipeData>		
	<RecipeData>
      <PrefabName>ItemCableCoil</PrefabName>
      <Recipe>  
		<Time>1</Time>
		<Energy>500</Energy>      
		<Copper>.5</Copper>
      </Recipe>
    </RecipeData>
	<RecipeData>
      <PrefabName>ItemCableCoilHeavy</PrefabName>
      <Recipe>
	  	<Time>1</Time>
		<Energy>500</Energy>
        <Iron>0</Iron>
		<Gold>.5</Gold>
		<Carbon>0</Carbon>
		<Copper>.5</Copper>
		<Steel>0</Steel>
		<Uranium>0</Uranium>       
		<Hydrocarbon>0</Hydrocarbon>
      </Recipe>	  
    </RecipeData>
	<RecipeData>
      <PrefabName>ItemCableFuse</PrefabName>
      <Recipe>
	  	<Time>1</Time>
		<Energy>500</Energy>
        <Iron>5</Iron>
		<Gold>0</Gold>
		<Carbon>0</Carbon>
		<Copper>5</Copper>
		<Steel>0</Steel>
		<Uranium>0</Uranium>       
		<Hydrocarbon>0</Hydrocarbon>
      </Recipe>	  
    </RecipeData>	
	<RecipeData>
      <PrefabName>ItemCompositeFloorGrating</PrefabName>
      <Recipe>
		<Time>3</Time>
		<Energy>500</Energy>
        <Iron>1</Iron>
		<Gold>0</Gold>
		<Carbon>0</Carbon>
		<Copper>0</Copper>
		<Steel>0</Steel>
		<Uranium>0</Uranium>       
		<Hydrocarbon>0</Hydrocarbon>
      </Recipe>	  
    </RecipeData>
	<RecipeData>
      <PrefabName>ItemCrowbar</PrefabName>
      <Recipe>
		<Time>1</Time>
		<Energy>500</Energy>	  
        <Iron>5</Iron>
		<Gold>0</Gold>
		<Carbon>0</Carbon>
		<Copper>0</Copper>
		<Steel>0</Steel>
		<Uranium>0</Uranium>       
		<Hydrocarbon>0</Hydrocarbon>
      </Recipe>	  
    </RecipeData>
	<RecipeData>
      <PrefabName>ItemDataDisk</PrefabName>
      <Recipe>
	  	<Time>1</Time>
		<Energy>500</Energy>
        <Iron>0</Iron>
		<Gold>5</Gold>
		<Carbon>0</Carbon>
		<Copper>5</Copper>
		<Steel>0</Steel>
		<Uranium>0</Uranium>       
		<Hydrocarbon>0</Hydrocarbon>
      </Recipe>	  
    </RecipeData>	
	<RecipeData>
      <PrefabName>ItemDrill</PrefabName>
      <Recipe>
	  	<Time>1</Time>
		<Energy>500</Energy>
        <Iron>5</Iron>
		<Gold>0</Gold>
		<Carbon>0</Carbon>
		<Copper>5</Copper>
		<Steel>0</Steel>
		<Uranium>0</Uranium>       
		<Hydrocarbon>0</Hydrocarbon>
      </Recipe>	  
    </RecipeData>	
	<RecipeData>
      <PrefabName>ItemDuctTape</PrefabName>
      <Recipe>
	  	<Time>1</Time>
		<Energy>500</Energy>
        <Iron>1</Iron>
		<Gold>0</Gold>
		<Carbon>0</Carbon>
		<Copper>0</Copper>
		<Steel>0</Steel>
		<Uranium>0</Uranium>       
		<Hydrocarbon>0</Hydrocarbon>
      </Recipe>	  
    </RecipeData>
	<RecipeData>
      <PrefabName>ItemEvaSuit</PrefabName>
      <Recipe>
	  	<Time>1</Time>
		<Energy>500</Energy>
        <Iron>5</Iron>
		<Gold>0</Gold>
		<Carbon>0</Carbon>
		<Copper>5</Copper>
		<Steel>0</Steel>
		<Uranium>0</Uranium>       
		<Hydrocarbon>0</Hydrocarbon>
      </Recipe>	  
    </RecipeData>
	<RecipeData>
      <PrefabName>ItemFireExtinguisher</PrefabName>
      <Recipe>
	  	<Time>1</Time>
		<Energy>500</Energy>
        <Iron>5</Iron>
		<Gold>0</Gold>
		<Carbon>0</Carbon>
		<Copper>0</Copper>
		<Steel>0</Steel>
		<Uranium>0</Uranium>       
		<Hydrocarbon>0</Hydrocarbon>
      </Recipe>	  
    </RecipeData>	
	<RecipeData>
      <PrefabName>ItemFlashingLight</PrefabName>
      <Recipe>
	  	<Time>1</Time>
		<Energy>500</Energy>
        <Iron>2</Iron>
		<Gold>0</Gold>
		<Carbon>0</Carbon>
		<Copper>3</Copper>
		<Steel>0</Steel>
		<Uranium>0</Uranium>       
		<Hydrocarbon>0</Hydrocarbon>
      </Recipe>	  
    </RecipeData>
	<RecipeData>
      <PrefabName>ItemGasCanisterEmpty</PrefabName>
      <Recipe>
	  	<Time>1</Time>
		<Energy>500</Energy>
        <Iron>5</Iron>
		<Gold>0</Gold>
		<Carbon>0</Carbon>
		<Copper>0</Copper>
		<Steel>0</Steel>
		<Uranium>0</Uranium>       
		<Hydrocarbon>0</Hydrocarbon>
      </Recipe>	  
    </RecipeData>
	<RecipeData>
      <PrefabName>ItemGasFilterCarbonDioxide</PrefabName>
      <Recipe>
	  	<Time>1</Time>
		<Energy>500</Energy>
        <Iron>5</Iron>
		<Gold>0</Gold>
		<Carbon>0</Carbon>
		<Copper>0</Copper>
		<Steel>0</Steel>
		<Uranium>0</Uranium>       
		<Hydrocarbon>0</Hydrocarbon>
      </Recipe>	  
    </RecipeData>
	<RecipeData>
      <PrefabName>ItemGasFilterPollutants</PrefabName>
      <Recipe>
	  	<Time>1</Time>
		<Energy>500</Energy>
        <Iron>5</Iron>
		<Gold>0</Gold>
		<Carbon>0</Carbon>
		<Copper>0</Copper>
		<Steel>0</Steel>
		<Uranium>0</Uranium>       
		<Hydrocarbon>0</Hydrocarbon>
      </Recipe>	  
    </RecipeData>
	<RecipeData>
      <PrefabName>ItemGasFilterNitrogen</PrefabName>
      <Recipe>
	  	<Time>1</Time>
		<Energy>500</Energy>
        <Iron>5</Iron>
		<Gold>0</Gold>
		<Carbon>0</Carbon>
		<Copper>0</Copper>
		<Steel>0</Steel>
		<Uranium>0</Uranium>       
		<Hydrocarbon>0</Hydrocarbon>
      </Recipe>	  
    </RecipeData>
	<RecipeData>
      <PrefabName>ItemGasFilterOxygen</PrefabName>
      <Recipe>
	  	<Time>1</Time>
		<Energy>500</Energy>
        <Iron>5</Iron>
		<Gold>0</Gold>
		<Carbon>0</Carbon>
		<Copper>0</Copper>
		<Steel>0</Steel>
		<Uranium>0</Uranium>       
		<Hydrocarbon>0</Hydrocarbon>
      </Recipe>	  
    </RecipeData>
	<RecipeData>
      <PrefabName>ItemGasFilterVolatiles</PrefabName>
      <Recipe>
	  	<Time>1</Time>
		<Energy>500</Energy>
        <Iron>5</Iron>
		<Gold>0</Gold>
		<Carbon>0</Carbon>
		<Copper>0</Copper>
		<Steel>0</Steel>
		<Uranium>0</Uranium>       
		<Hydrocarbon>0</Hydrocarbon>
      </Recipe>	  
    </RecipeData>
	<RecipeData>
      <PrefabName>ItemGasFilterWater</PrefabName>
      <Recipe>
	  	<Time>1</Time>
		<Energy>500</Energy>
        <Iron>5</Iron>
		<Gold>0</Gold>
		<Carbon>0</Carbon>
		<Copper>0</Copper>
		<Steel>0</Steel>
		<Uranium>0</Uranium>       
		<Hydrocarbon>0</Hydrocarbon>
      </Recipe>	  
    </RecipeData>
	<RecipeData>
      <PrefabName>ItemGasTankStorage</PrefabName>
      <Recipe>
	  	<Time>1</Time>
		<Energy>500</Energy>
        <Iron>5</Iron>
		<Gold>0</Gold>
		<Carbon>0</Carbon>
		<Copper>0</Copper>
		<Steel>0</Steel>
		<Uranium>0</Uranium>       
		<Hydrocarbon>0</Hydrocarbon>
      </Recipe>	  
    </RecipeData>
	<RecipeData>
      <PrefabName>ItemGlassSheets</PrefabName>
      <Recipe>
	  	<Time>1</Time>
		<Energy>500</Energy>
        <Iron>0</Iron>
		<Gold>0</Gold>
		<Carbon>0</Carbon>
		<Copper>0</Copper>
		<Steel>0</Steel>
		<Silicon>2</Silicon>
		<Uranium>0</Uranium>       
		<Hydrocarbon>0</Hydrocarbon>
      </Recipe>	  
    </RecipeData>	
	<RecipeData>
      <PrefabName>ItemHydroponicTray</PrefabName>
      <Recipe>
	  	<Time>1</Time>
		<Energy>500</Energy>
        <Iron>10</Iron>
		<Gold>0</Gold>
		<Carbon>0</Carbon>
		<Copper>0</Copper>
		<Steel>0</Steel>
		<Uranium>0</Uranium>       
		<Hydrocarbon>0</Hydrocarbon>
      </Recipe>	  
    </RecipeData>
    <RecipeData>
      <PrefabName>ItemIronFrames</PrefabName>
      <Recipe>
        <Iron>4</Iron>
		<Time>4</Time>
		<Energy>200</Energy>
      </Recipe>
    </RecipeData>	
    <RecipeData>
      <PrefabName>ItemIronSheets</PrefabName>
      <Recipe>
        <Iron>1</Iron>
		<Time>2</Time>
		<Energy>200</Energy>
      </Recipe>
    </RecipeData>
	<RecipeData>
      <PrefabName>ItemIgniter</PrefabName>
      <Recipe>
	  	<Time>1</Time>
		<Energy>500</Energy>
        <Iron>0</Iron>
		<Gold>0</Gold>
		<Carbon>0</Carbon>
		<Copper>3</Copper>
		<Steel>0</Steel>
		<Uranium>0</Uranium>       
		<Hydrocarbon>0</Hydrocarbon>
      </Recipe>	  
    </RecipeData>
	<RecipeData>
      <PrefabName>ItemKitAirlock</PrefabName>
      <Recipe>
	    <Time>10</Time>
		<Energy>500</Energy>
	  	<Iron>20</Iron>
		<Gold>0</Gold>
		<Copper>3</Copper>        
      </Recipe>
    </RecipeData>
	<RecipeData>
      <PrefabName>ItemKitArcFurnace</PrefabName>
      <Recipe>
        <Iron>20</Iron>
		<Copper>5</Copper>
		<Time>60</Time>
		<Energy>2000</Energy>
      </Recipe>
    </RecipeData>
	<RecipeData>
      <PrefabName>ItemKitAtmospherics</PrefabName>
      <Recipe>
	  	<Time>1</Time>
		<Energy>500</Energy>
        <Iron>10</Iron>
		<Gold>5</Gold>
		<Carbon>0</Carbon>
		<Copper>20</Copper>
		<Steel>0</Steel>
		<Uranium>0</Uranium>       
		<Hydrocarbon>0</Hydrocarbon>
      </Recipe>	  
    </RecipeData>
	<RecipeData>
      <PrefabName>ItemKitAutolathe</PrefabName>
      <Recipe>
	  	<Time>1</Time>
		<Energy>500</Energy>
        <Iron>30</Iron>
		<Gold>5</Gold>
		<Carbon>0</Carbon>
		<Copper>20</Copper>
		<Steel>0</Steel>
		<Uranium>0</Uranium>       
		<Hydrocarbon>0</Hydrocarbon>
      </Recipe>	  
    </RecipeData>
	<RecipeData>
      <PrefabName>ItemKitBattery</PrefabName>
      <Recipe>
	  	<Time>1</Time>
		<Energy>500</Energy>
        <Iron>0</Iron>
		<Gold>20</Gold>
		<Carbon>0</Carbon>
		<Copper>20</Copper>
		<Steel>20</Steel>
		<Uranium>0</Uranium>       
		<Hydrocarbon>0</Hydrocarbon>
      </Recipe>	  
    </RecipeData>
	<RecipeData>
      <PrefabName>ItemKitBlastDoor</PrefabName>
      <Recipe>
	  	<Time>10</Time>
		<Energy>500</Energy>
	  	<Steel>15</Steel>
		<Gold>0</Gold>
		<Copper>3</Copper>        
      </Recipe>
    </RecipeData>
	<RecipeData>
      <PrefabName>ItemKitCentrifuge</PrefabName>
      <Recipe>
	  	<Time>1</Time>
		<Energy>500</Energy>
        <Iron>20</Iron>
		<Gold>0</Gold>
		<Carbon>0</Carbon>
		<Copper>5</Copper>
		<Steel>0</Steel>
		<Uranium>0</Uranium>       
		<Hydrocarbon>0</Hydrocarbon>
      </Recipe>	  
    </RecipeData>
    <RecipeData>
      <PrefabName>ItemKitChute</PrefabName>
      <Recipe>
	  	<Time>1</Time>
		<Energy>500</Energy>
        <Iron>1</Iron>
      </Recipe>
    </RecipeData>	
	<RecipeData>
      <PrefabName>ItemKitComputer</PrefabName>
      <Recipe>
	  	<Time>1</Time>
		<Energy>500</Energy>
        <Iron>5</Iron>
		<Gold>5</Gold>
		<Carbon>0</Carbon>
		<Copper>10</Copper>
		<Steel>0</Steel>
		<Uranium>0</Uranium>       
		<Hydrocarbon>0</Hydrocarbon>
      </Recipe>	  
    </RecipeData>		
	<RecipeData>
      <PrefabName>ItemKitConsole</PrefabName>
      <Recipe>
	  	<Time>1</Time>
		<Energy>500</Energy>
        <Iron>2</Iron>
		<Gold>3</Gold>
		<Carbon>0</Carbon>
		<Copper>5</Copper>
		<Steel>0</Steel>
		<Uranium>0</Uranium>       
		<Hydrocarbon>0</Hydrocarbon>
      </Recipe>	  
    </RecipeData>		
	<RecipeData>
      <PrefabName>ItemKitConveyor</PrefabName>
      <Recipe>
	  	<Time>1</Time>
		<Energy>500</Energy>
        <Iron>4</Iron>
		<Gold>0</Gold>
		<Carbon>0</Carbon>
		<Copper>2</Copper>
		<Steel>0</Steel>
		<Uranium>0</Uranium>       
		<Hydrocarbon>0</Hydrocarbon>
      </Recipe>	  
    </RecipeData>		
	<RecipeData>
      <PrefabName>ItemKitCryoTube</PrefabName>
      <Recipe>
	  	<Time>1</Time>
		<Energy>500</Energy>
        <Iron>0</Iron>
		<Gold>10</Gold>
		<Carbon>0</Carbon>
		<Copper>10</Copper>
		<Steel>10</Steel>
		<Uranium>0</Uranium>       
		<Hydrocarbon>0</Hydrocarbon>
      </Recipe>	  
    </RecipeData>
	<RecipeData>
      <PrefabName>ItemKitDoor</PrefabName>
      <Recipe>
	    <Time>10</Time>
		<Energy>500</Energy>
	  	<Iron>7</Iron>
		<Gold>0</Gold>
		<Copper>3</Copper>        
      </Recipe>
    </RecipeData>
    <RecipeData>
      <PrefabName>ItemKitElectronicsPrinter</PrefabName>
      <Recipe>
        <Iron>20</Iron>
		<Copper>10</Copper>
		<Gold>2</Gold>
		<Time>120</Time>
		<Energy>5000</Energy>
      </Recipe>
	 </RecipeData>	
	<RecipeData>
      <PrefabName>ItemKitEngineLarge</PrefabName>
      <Recipe>
	  	<Time>1</Time>
		<Energy>500</Energy>
        <Iron>0</Iron>
		<Copper>0</Copper>
		<Gold>0</Gold>
		<Silver>0</Silver>
		<Lead>0</Lead>
		<Nickel>0</Nickel>
		<Steel>100</Steel>
		<Solder>0</Solder>
		<Electrum>0</Electrum>
		<Invar>50</Invar>
		<Constantan>20</Constantan>
		<Carbon>0</Carbon>		      
		<Hydrocarbon>0</Hydrocarbon>
		<Uranium>0</Uranium> 
      </Recipe>	  
    </RecipeData>
	<RecipeData>
      <PrefabName>ItemKitEngineMedium</PrefabName>
      <Recipe>
	  	<Time>1</Time>
		<Energy>500</Energy>
        <Iron>0</Iron>
		<Copper>0</Copper>
		<Gold>0</Gold>
		<Silver>0</Silver>
		<Lead>0</Lead>
		<Nickel>0</Nickel>
		<Steel>50</Steel>
		<Solder>0</Solder>
		<Electrum>0</Electrum>
		<Invar>25</Invar>
		<Constantan>10</Constantan>
		<Carbon>0</Carbon>		      
		<Hydrocarbon>0</Hydrocarbon>
		<Uranium>0</Uranium> 
      </Recipe>	  
    </RecipeData>
	<RecipeData>
      <PrefabName>ItemKitEngineSmall</PrefabName>
      <Recipe>
	  	<Time>1</Time>
		<Energy>500</Energy>
        <Iron>0</Iron>
		<Copper>0</Copper>
		<Gold>0</Gold>
		<Silver>0</Silver>
		<Lead>0</Lead>
		<Nickel>0</Nickel>
		<Steel>25</Steel>
		<Solder>0</Solder>
		<Electrum>0</Electrum>
		<Invar>10</Invar>
		<Constantan>5</Constantan>
		<Carbon>0</Carbon>		      
		<Hydrocarbon>0</Hydrocarbon>
		<Uranium>0</Uranium> 
      </Recipe>	  
    </RecipeData>
	<RecipeData>
      <PrefabName>ItemKitFabricator</PrefabName>
      <Recipe>
	  	<Time>1</Time>
		<Energy>500</Energy>
        <Iron>30</Iron>
		<Gold>5</Gold>
		<Carbon>0</Carbon>
		<Copper>20</Copper>
		<Steel>0</Steel>
		<Uranium>0</Uranium>       
		<Hydrocarbon>0</Hydrocarbon>
      </Recipe>	  
    </RecipeData>
	<RecipeData>
      <PrefabName>ItemKitFurnace</PrefabName>
      <Recipe>
	  	<Time>120</Time>
		<Energy>500</Energy>
        <Iron>30</Iron>
		<Gold>0</Gold>
		<Carbon>0</Carbon>
		<Copper>10</Copper>
		<Steel>0</Steel>
		<Uranium>0</Uranium>       
		<Hydrocarbon>0</Hydrocarbon>
      </Recipe>	  
    </RecipeData>	
	<RecipeData>
      <PrefabName>ItemKitFurniture</PrefabName>
      <Recipe>
	  	<Time>1</Time>
		<Energy>500</Energy>
        <Iron>20</Iron>
		<Gold>0</Gold>
		<Carbon>0</Carbon>
		<Copper>5</Copper>
		<Steel>0</Steel>
		<Uranium>0</Uranium>       
		<Hydrocarbon>0</Hydrocarbon>
      </Recipe>	  
    </RecipeData>
	<RecipeData>
      <PrefabName>ItemKitGyroscope</PrefabName>
      <Recipe>
	  	<Time>1</Time>
		<Energy>500</Energy>
        <Iron>0</Iron>
		<Copper>0</Copper>
		<Gold>0</Gold>
		<Silver>0</Silver>
		<Lead>0</Lead>
		<Nickel>0</Nickel>
		<Steel>40</Steel>
		<Solder>0</Solder>
		<Electrum>10</Electrum>
		<Invar>20</Invar>
		<Constantan>0</Constantan>
		<Carbon>0</Carbon>		      
		<Hydrocarbon>0</Hydrocarbon>
		<Uranium>0</Uranium> 
      </Recipe>	  
    </RecipeData>
    <RecipeData>
      <PrefabName>ItemKitHydraulicPipeBender</PrefabName>
      <Recipe>
        <Iron>20</Iron>
		<Copper>10</Copper>
		<Gold>2</Gold>
		<Time>180</Time>
		<Energy>5000</Energy>
      </Recipe>
	 </RecipeData>	
	<RecipeData>
      <PrefabName>ItemKitLocker</PrefabName>
      <Recipe>
	  	<Time>1</Time>
		<Energy>500</Energy>
        <Iron>10</Iron>
		<Gold>0</Gold>
		<Carbon>0</Carbon>
		<Copper>0</Copper>
		<Steel>0</Steel>
		<Uranium>0</Uranium>       
		<Hydrocarbon>0</Hydrocarbon>
      </Recipe>	  
    </RecipeData>
	<RecipeData>
      <PrefabName>ItemKitLogicInputOutput</PrefabName>
      <Recipe>
	  	<Time>10</Time>
		<Energy>1000</Energy>
        <Iron>0</Iron>
		<Gold>1</Gold>
		<Carbon>0</Carbon>
		<Copper>1</Copper>
		<Steel>0</Steel>
		<Uranium>0</Uranium>       
		<Hydrocarbon>0</Hydrocarbon>
      </Recipe>	  
    </RecipeData>
	<RecipeData>
      <PrefabName>ItemKitLogicMemory</PrefabName>
      <Recipe>
	  	<Time>10</Time>
		<Energy>1000</Energy>
        <Iron>0</Iron>
		<Gold>1</Gold>
		<Carbon>0</Carbon>
		<Copper>1</Copper>
		<Steel>0</Steel>
		<Uranium>0</Uranium>       
		<Hydrocarbon>0</Hydrocarbon>
      </Recipe>	  
    </RecipeData>
	<RecipeData>
      <PrefabName>ItemKitLogicProcessor</PrefabName>
      <Recipe>
	  	<Time>10</Time>
		<Energy>1000</Energy>
        <Iron>0</Iron>
		<Gold>2</Gold>
		<Carbon>0</Carbon>
		<Copper>2</Copper>
		<Steel>0</Steel>
		<Uranium>0</Uranium>       
		<Hydrocarbon>0</Hydrocarbon>
      </Recipe>	  
    </RecipeData>
	<RecipeData>
      <PrefabName>ItemKitLogicSwitch</PrefabName>
      <Recipe>
	  	<Time>10</Time>
		<Energy>1000</Energy>
        <Iron>0</Iron>
		<Gold>1</Gold>
		<Carbon>0</Carbon>
		<Copper>1</Copper>
		<Steel>0</Steel>
		<Uranium>0</Uranium>       
		<Hydrocarbon>0</Hydrocarbon>
      </Recipe>	  
    </RecipeData>	
    <RecipeData>
      <PrefabName>ItemKitPipe</PrefabName>
      <Recipe>
        <Iron>.5</Iron>
		<Time>1</Time>
		<Energy>500</Energy>
      </Recipe>
    </RecipeData>
    <RecipeData>
      <PrefabName>ItemKitRecycler</PrefabName>
      <Recipe>
        <Iron>20</Iron>
		<Copper>10</Copper>
		<Time>60</Time>
		<Energy>1000</Energy>
      </Recipe>
	</RecipeData>		
	<RecipeData>
      <PrefabName>ItemKitRegulator</PrefabName>
      <Recipe>
	  	<Time>1</Time>
		<Energy>500</Energy>
        <Iron>5</Iron>
		<Copper>3</Copper>
		<Gold>1</Gold>
		<Silver>0</Silver>
		<Lead>0</Lead>
		<Nickel>0</Nickel>
		<Steel>0</Steel>
		<Solder>0</Solder>
		<Electrum>0</Electrum>
		<Invar>0</Invar>
		<Constantan>0</Constantan>
		<Carbon>0</Carbon>		      
		<Hydrocarbon>0</Hydrocarbon>
		<Uranium>0</Uranium> 
      </Recipe>	  
    </RecipeData>	
	<RecipeData>
      <PrefabName>ItemKitSensor</PrefabName>
      <Recipe>
	  	<Time>1</Time>
		<Energy>500</Energy>
        <Iron>3</Iron>
		<Gold>1</Gold>
		<Carbon>0</Carbon>
		<Copper>1</Copper>
		<Steel>0</Steel>
		<Uranium>0</Uranium>       
		<Hydrocarbon>0</Hydrocarbon>
      </Recipe>	  
    </RecipeData>	
	<RecipeData>
      <PrefabName>ItemKitSleeper</PrefabName>
      <Recipe>
	  	<Time>1</Time>
		<Energy>500</Energy>
        <Iron>10</Iron>
		<Gold>2</Gold>
		<Carbon>0</Carbon>
		<Copper>3</Copper>
		<Steel>0</Steel>
		<Uranium>0</Uranium>       
		<Hydrocarbon>0</Hydrocarbon>
      </Recipe>	  
    </RecipeData>
	<RecipeData>
      <PrefabName>ItemKitSolarPanel</PrefabName>
      <Recipe>
	  	<Time>1</Time>
		<Energy>500</Energy>
        <Iron>10</Iron>
		<Gold>5</Gold>
		<Carbon>0</Carbon>
		<Copper>20</Copper>
		<Steel>0</Steel>
		<Uranium>0</Uranium>       
		<Hydrocarbon>0</Hydrocarbon>
      </Recipe>	  
    </RecipeData>
	<RecipeData>
      <PrefabName>ItemKitSolidGenerator</PrefabName>
      <Recipe>
	  	<Time>1</Time>
		<Energy>500</Energy>
        <Iron>50</Iron>
		<Gold>0</Gold>
		<Carbon>0</Carbon>
		<Copper>10</Copper>
		<Steel>0</Steel>
		<Uranium>0</Uranium>       
		<Hydrocarbon>0</Hydrocarbon>
      </Recipe>	  
    </RecipeData>
	<RecipeData>
      <PrefabName>ItemKitGasGenerator</PrefabName>
      <Recipe>
	  	<Time>1</Time>
		<Energy>500</Energy>
        <Iron>50</Iron>
		<Gold>0</Gold>
		<Carbon>0</Carbon>
		<Copper>10</Copper>
		<Steel>0</Steel>
		<Uranium>0</Uranium>       
		<Hydrocarbon>0</Hydrocarbon>
      </Recipe>	  
    </RecipeData>
	<RecipeData>
      <PrefabName>ItemKitSorter</PrefabName>
      <Recipe>
	  	<Time>1</Time>
		<Energy>500</Energy>
        <Iron>10</Iron>
		<Gold>1</Gold>
		<Carbon>0</Carbon>
		<Copper>5</Copper>
		<Steel>0</Steel>
		<Uranium>0</Uranium>       
		<Hydrocarbon>0</Hydrocarbon>
      </Recipe>	  
    </RecipeData>
	<RecipeData>
      <PrefabName>ItemKitStacker</PrefabName>
      <Recipe>
	  	<Time>1</Time>
		<Energy>500</Energy>
        <Iron>10</Iron>
		<Gold>0</Gold>
		<Carbon>0</Carbon>
		<Copper>2</Copper>
		<Steel>0</Steel>
		<Uranium>0</Uranium>       
		<Hydrocarbon>0</Hydrocarbon>
      </Recipe>	  
    </RecipeData>	
	<RecipeData>
      <PrefabName>ItemKitStairs</PrefabName>
      <Recipe>
	  	<Time>1</Time>
		<Energy>500</Energy>
        <Iron>10</Iron>
		<Gold>0</Gold>
		<Carbon>0</Carbon>
		<Copper>0</Copper>
		<Steel>0</Steel>
		<Uranium>0</Uranium>       
		<Hydrocarbon>0</Hydrocarbon>
      </Recipe>	  
    </RecipeData>	
	<RecipeData>
      <PrefabName>ItemKitStellarAnchor</PrefabName>
      <Recipe>
	  	<Time>1</Time>
		<Energy>500</Energy>
        <Iron>0</Iron>
		<Copper>0</Copper>
		<Gold>0</Gold>
		<Silver>0</Silver>
		<Lead>0</Lead>
		<Nickel>0</Nickel>
		<Steel>50</Steel>
		<Solder>10</Solder>
		<Electrum>30</Electrum>
		<Invar>50</Invar>
		<Constantan>0</Constantan>
		<Carbon>0</Carbon>		      
		<Hydrocarbon>0</Hydrocarbon>
		<Uranium>0</Uranium> 
      </Recipe>	  
    </RecipeData>
	<RecipeData>
      <PrefabName>ItemKitSuitStorage</PrefabName>
      <Recipe>
	  	<Time>1</Time>
		<Energy>500</Energy>
        <Iron>15</Iron>
		<Copper>5</Copper>
		<Gold>0</Gold>
		<Silver>0</Silver>
		<Lead>0</Lead>
		<Nickel>0</Nickel>
		<Steel>0</Steel>
		<Solder>0</Solder>
		<Electrum>0</Electrum>
		<Invar>0</Invar>
		<Constantan>0</Constantan>0.o 
		<Carbon>0</Carbon>		      
		<Hydrocarbon>0</Hydrocarbon>
		<Uranium>0</Uranium> 
      </Recipe>	  
    </RecipeData>	
	<RecipeData>
      <PrefabName>ItemKitTank</PrefabName>
      <Recipe>
	  	<Time>1</Time>
		<Energy>500</Energy>
        <Iron>0</Iron>
		<Gold>0</Gold>
		<Carbon>0</Carbon>
		<Copper>5</Copper>
		<Steel>20</Steel>
		<Uranium>0</Uranium>       
		<Hydrocarbon>0</Hydrocarbon>
      </Recipe>	  
    </RecipeData>
    <RecipeData>
      <PrefabName>ItemKitToolManufactory</PrefabName>
      <Recipe>
        <Iron>20</Iron>
		<Copper>10</Copper>
		<Gold>0</Gold>
		<Time>120</Time>
		<Energy>1000</Energy>
      </Recipe>
	 </RecipeData>		
	<RecipeData>
      <PrefabName>ItemKitTorpedoTube</PrefabName>
      <Recipe>
	  	<Time>1</Time>
		<Energy>500</Energy>
        <Iron>0</Iron>
		<Copper>0</Copper>
		<Gold>0</Gold>
		<Silver>0</Silver>
		<Lead>0</Lead>
		<Nickel>0</Nickel>
		<Steel>20</Steel>
		<Solder>0</Solder>
		<Electrum>5</Electrum>
		<Invar>5</Invar>
		<Constantan>5</Constantan>
		<Carbon>0</Carbon>		      
		<Hydrocarbon>0</Hydrocarbon>
		<Uranium>0</Uranium> 
      </Recipe>	  
    </RecipeData>	
	<RecipeData>
      <PrefabName>ItemKitTransformer</PrefabName>
      <Recipe>
	  	<Time>1</Time>
		<Energy>500</Energy>
        <Iron>0</Iron>
		<Copper>0</Copper>
		<Gold>0</Gold>
		<Silver>0</Silver>
		<Lead>0</Lead>
		<Nickel>0</Nickel>
		<Steel>10</Steel>
		<Solder>0</Solder>
		<Electrum>5</Electrum>
		<Invar>0</Invar>
		<Constantan>0</Constantan>
		<Carbon>0</Carbon>		      
		<Hydrocarbon>0</Hydrocarbon>
		<Uranium>0</Uranium> 
      </Recipe>	  
    </RecipeData>
	<RecipeData>
      <PrefabName>ItemKitTransformerSmall</PrefabName>
      <Recipe>
	  	<Time>1</Time>
		<Energy>500</Energy>
        <Iron>10</Iron>
		<Copper>3</Copper>
		<Gold>1</Gold>
		<Silver>0</Silver>
		<Lead>0</Lead>
		<Nickel>0</Nickel>
		<Steel>0</Steel>
		<Solder>0</Solder>
		<Electrum>0</Electrum>
		<Invar>0</Invar>
		<Constantan>0</Constantan>
		<Carbon>0</Carbon>		      
		<Hydrocarbon>0</Hydrocarbon>
		<Uranium>0</Uranium> 
      </Recipe>	  
    </RecipeData>	
	<RecipeData>
      <PrefabName>ItemKitTurret</PrefabName>
      <Recipe>
	  	<Time>1</Time>
		<Energy>500</Energy>
        <Iron>0</Iron>
		<Copper>0</Copper>
		<Gold>0</Gold>
		<Silver>0</Silver>
		<Lead>0</Lead>
		<Nickel>0</Nickel>
		<Steel>100</Steel>
		<Solder>0</Solder>
		<Electrum>10</Electrum>
		<Invar>0</Invar>
		<Constantan>10</Constantan>
		<Carbon>0</Carbon>		      
		<Hydrocarbon>0</Hydrocarbon>
		<Uranium>0</Uranium> 
      </Recipe>	  
    </RecipeData>		
	<RecipeData>
      <PrefabName>ItemKitWall</PrefabName>
      <Recipe>
	  	<Time>5</Time>
		<Energy>500</Energy>
        <Iron>4</Iron>
		<Gold>0</Gold>
		<Carbon>0</Carbon>
		<Copper>1</Copper>
		<Steel>0</Steel>
		<Uranium>0</Uranium>       
		<Hydrocarbon>0</Hydrocarbon>
      </Recipe>	  
    </RecipeData>
	<RecipeData>
      <PrefabName>ItemKitWallIron</PrefabName>
      <Recipe>
        <Iron>2</Iron>
		<Time>1</Time>
		<Energy>200</Energy>
      </Recipe>
    </RecipeData>
	<RecipeData>
      <PrefabName>ItemLabeller</PrefabName>
      <Recipe>
	  	<Time>1</Time>
		<Energy>500</Energy>
        <Iron>3</Iron>
		<Gold>1</Gold>
		<Carbon>0</Carbon>
		<Copper>2</Copper>
		<Steel>0</Steel>
		<Uranium>0</Uranium>       
		<Hydrocarbon>0</Hydrocarbon>
      </Recipe>	  
    </RecipeData>		
	<RecipeData>
      <PrefabName>ItemMiningBelt</PrefabName>
      <Recipe>
	  	<Time>1</Time>
		<Energy>500</Energy>
        <Iron>5</Iron>
		<Gold>0</Gold>
		<Carbon>0</Carbon>
		<Copper>0</Copper>
		<Steel>0</Steel>
		<Uranium>0</Uranium>       
		<Hydrocarbon>0</Hydrocarbon>
      </Recipe>	  
    </RecipeData>		
	<RecipeData>
      <PrefabName>ItemMiningDrill</PrefabName>
      <Recipe>
	  	<Time>1</Time>
		<Energy>500</Energy>
        <Iron>3</Iron>
		<Gold>1</Gold>
		<Carbon>0</Carbon>
		<Copper>2</Copper>
		<Steel>0</Steel>
		<Uranium>0</Uranium>       
		<Hydrocarbon>0</Hydrocarbon>
      </Recipe>	  
    </RecipeData>		
	<RecipeData>
      <PrefabName>ItemPassiveVent</PrefabName>
      <Recipe>
	  	<Time>1</Time>
		<Energy>500</Energy>
        <Iron>3</Iron>
		<Gold>0</Gold>
		<Carbon>0</Carbon>
		<Copper>0</Copper>
		<Steel>0</Steel>
		<Uranium>0</Uranium>       
		<Hydrocarbon>0</Hydrocarbon>
      </Recipe>	  
    </RecipeData>
	<RecipeData>
      <PrefabName>ItemPickaxe</PrefabName>
      <Recipe>
	  	<Time>1</Time>
		<Energy>500</Energy>
        <Iron>5</Iron>
		<Gold>0</Gold>
		<Carbon>0</Carbon>
		<Copper>0</Copper>
		<Steel>0</Steel>
		<Uranium>0</Uranium>       
		<Hydrocarbon>0</Hydrocarbon>
      </Recipe>	  
    </RecipeData>		
	<RecipeData>
      <PrefabName>ItemPipeAnalyizer</PrefabName>
      <Recipe>
	  	<Time>1</Time>
		<Energy>500</Energy>
        <Iron>2</Iron>
		<Gold>2</Gold>
		<Carbon>0</Carbon>
		<Copper>2</Copper>
		<Steel>0</Steel>
		<Electrum>2</Electrum>
		<Uranium>0</Uranium>       
		<Hydrocarbon>0</Hydrocarbon>
      </Recipe>	  
    </RecipeData>
	<RecipeData>
      <PrefabName>ItemPipeDigitalValve</PrefabName>
      <Recipe>
	  	<Time>1</Time>
		<Energy>500</Energy>
        <Iron>0</Iron>
		<Copper>2</Copper>
		<Gold>0</Gold>
		<Silver>0</Silver>
		<Lead>0</Lead>
		<Nickel>0</Nickel>
		<Steel>5</Steel>
		<Solder>0</Solder>
		<Electrum>0</Electrum>
		<Invar>3</Invar>
		<Constantan>0</Constantan>
		<Carbon>0</Carbon>		      
		<Hydrocarbon>0</Hydrocarbon>
		<Uranium>0</Uranium> 
      </Recipe>	  
    </RecipeData>		
	<RecipeData>
      <PrefabName>ItemPipeGasMixer</PrefabName>
      <Recipe>
	  	<Time>1</Time>
		<Energy>500</Energy>
        <Iron>2</Iron>
		<Gold>2</Gold>
		<Carbon>0</Carbon>
		<Copper>2</Copper>
		<Steel>0</Steel>
		<Uranium>0</Uranium>       
		<Hydrocarbon>0</Hydrocarbon>
      </Recipe>	  
    </RecipeData>	
	<RecipeData>
      <PrefabName>ItemPipeLabel</PrefabName>
      <Recipe>
	  	<Time>1</Time>
		<Energy>500</Energy>
        <Iron>1</Iron>
		<Gold>0</Gold>
		<Carbon>0</Carbon>
		<Copper>0</Copper>
		<Steel>0</Steel>
		<Uranium>0</Uranium>       
		<Hydrocarbon>0</Hydrocarbon>
      </Recipe>	  
    </RecipeData>
	<RecipeData>
      <PrefabName>ItemPipeMeter</PrefabName>
      <Recipe>
	  	<Time>1</Time>
		<Energy>500</Energy>
        <Iron>3</Iron>
		<Gold>0</Gold>
		<Carbon>0</Carbon>
		<Copper>2</Copper>
		<Steel>0</Steel>
		<Uranium>0</Uranium>       
		<Hydrocarbon>0</Hydrocarbon>
      </Recipe>	  
    </RecipeData>		
	<RecipeData>
      <PrefabName>ItemPipeRadiator</PrefabName>
      <Recipe>
	  	<Time>1</Time>
		<Energy>500</Energy>
        <Iron>0</Iron>
		<Gold>3</Gold>
		<Carbon>0</Carbon>
		<Copper>0</Copper>
		<Steel>2</Steel>
		<Uranium>0</Uranium>       
		<Hydrocarbon>0</Hydrocarbon>
      </Recipe>	  
    </RecipeData>	
	<RecipeData>
      <PrefabName>ItemPipeValve</PrefabName>
      <Recipe>
	  	<Time>1</Time>
		<Energy>500</Energy>
        <Iron>3</Iron>
		<Gold>0</Gold>
		<Carbon>0</Carbon>
		<Copper>2</Copper>
		<Steel>0</Steel>
		<Uranium>0</Uranium>       
		<Hydrocarbon>0</Hydrocarbon>
      </Recipe>	  
    </RecipeData>	
	<RecipeData>
      <PrefabName>ItemPipeVolumePump</PrefabName>
      <Recipe>
	  	<Time>1</Time>
		<Energy>500</Energy>
        <Iron>5</Iron>
		<Gold>2</Gold>
		<Carbon>0</Carbon>
		<Copper>3</Copper>
		<Steel>0</Steel>
		<Uranium>0</Uranium>       
		<Hydrocarbon>0</Hydrocarbon>
      </Recipe>	  
    </RecipeData>	
	<RecipeData>
      <PrefabName>ItemPowerConnector</PrefabName>
      <Recipe>
	  	<Time>1</Time>
		<Energy>500</Energy>
        <Iron>10</Iron>
		<Gold>3</Gold>
		<Carbon>0</Carbon>
		<Copper>5</Copper>
		<Steel>0</Steel>
		<Uranium>0</Uranium>       
		<Hydrocarbon>0</Hydrocarbon>
      </Recipe>	  
    </RecipeData>
	<RecipeData>
      <PrefabName>ItemRoadFlare</PrefabName>
      <Recipe>
	  	<Time>1</Time>
		<Energy>500</Energy>
        <Iron>1</Iron>
		<Gold>0</Gold>
		<Carbon>0</Carbon>
		<Copper>0</Copper>
		<Steel>0</Steel>
		<Uranium>0</Uranium>       
		<Hydrocarbon>0</Hydrocarbon>
      </Recipe>	  
    </RecipeData>	
	<RecipeData>
      <PrefabName>ItemScrewdriver</PrefabName>
      <Recipe>
	  	<Time>1</Time>
		<Energy>500</Energy>
        <Iron>3</Iron>
		<Gold>0</Gold>
		<Carbon>0</Carbon>
		<Copper>0</Copper>
		<Steel>0</Steel>
		<Uranium>0</Uranium>       
		<Hydrocarbon>0</Hydrocarbon>
      </Recipe>	  
    </RecipeData>	
	<RecipeData>
      <PrefabName>ItemSpaceHelmet</PrefabName>
      <Recipe>
	  	<Time>1</Time>
		<Energy>500</Energy>
        <Iron>0</Iron>
		<Gold>2</Gold>
		<Carbon>0</Carbon>
		<Copper>2</Copper>
		<Steel>0</Steel>
		<Uranium>0</Uranium>       
		<Hydrocarbon>0</Hydrocarbon>
      </Recipe>	  
    </RecipeData>
	<RecipeData>
      <PrefabName>ItemSpacepack</PrefabName>
      <Recipe>
	  	<Time>1</Time>
		<Energy>500</Energy>
        <Iron>5</Iron>
		<Gold>2</Gold>
		<Carbon>0</Carbon>
		<Copper>2</Copper>
		<Steel>0</Steel>
		<Uranium>0</Uranium>       
		<Hydrocarbon>0</Hydrocarbon>
      </Recipe>	  
    </RecipeData>
    <RecipeData>
      <PrefabName>ItemSteelFrames</PrefabName>
      <Recipe>
	  	<Time>1</Time>
		<Energy>800</Energy>
        <Steel>2</Steel>
      </Recipe>
    </RecipeData>
    <RecipeData>
      <PrefabName>ItemSteelSheets</PrefabName>
      <Recipe>
	  	<Time>1</Time>
		<Energy>500</Energy>
        <Steel>.5</Steel>
      </Recipe>
    </RecipeData>
	<RecipeData>
      <PrefabName>ItemTablet</PrefabName>
      <Recipe>
	  	<Time>1</Time>
		<Energy>500</Energy>
        <Iron>0</Iron>
		<Copper>3</Copper>
		<Gold>2</Gold>
		<Silver>0</Silver>
		<Lead>0</Lead>
		<Nickel>0</Nickel>
		<Steel>0</Steel>
		<Solder>5</Solder>
		<Electrum>0</Electrum>
		<Invar>0</Invar>
		<Constantan>0</Constantan>
		<Carbon>0</Carbon>		      
		<Hydrocarbon>0</Hydrocarbon>
		<Uranium>0</Uranium> 
      </Recipe>	  
    </RecipeData>		
	<RecipeData>
      <PrefabName>ItemTankConnector</PrefabName>
      <Recipe>
	  	<Time>1</Time>
		<Energy>500</Energy>
        <Iron>5</Iron>
		<Gold>0</Gold>
		<Carbon>0</Carbon>
		<Copper>0</Copper>
		<Steel>0</Steel>
		<Uranium>0</Uranium>       
		<Hydrocarbon>0</Hydrocarbon>
      </Recipe>	  
    </RecipeData>
	<RecipeData>
      <PrefabName>ItemToolBelt</PrefabName>
      <Recipe>
	  	<Time>1</Time>
		<Energy>500</Energy>
        <Iron>3</Iron>
		<Gold>0</Gold>
		<Carbon>0</Carbon>
		<Copper>0</Copper>
		<Steel>0</Steel>
		<Uranium>0</Uranium>       
		<Hydrocarbon>0</Hydrocarbon>
      </Recipe>	  
    </RecipeData>
	<RecipeData>
      <PrefabName>ItemWallCooler</PrefabName>
      <Recipe>
	  	<Time>1</Time>
		<Energy>500</Energy>
        <Iron>3</Iron>
		<Gold>1</Gold>
		<Carbon>0</Carbon>
		<Copper>3</Copper>
		<Steel>0</Steel>
		<Uranium>0</Uranium>       
		<Hydrocarbon>0</Hydrocarbon>
      </Recipe>	  
    </RecipeData>
	<RecipeData>
      <PrefabName>ItemWallHeater</PrefabName>
      <Recipe>
	  	<Time>1</Time>
		<Energy>500</Energy>
        <Iron>3</Iron>
		<Gold>1</Gold>
		<Carbon>0</Carbon>
		<Copper>3</Copper>
		<Steel>0</Steel>
		<Uranium>0</Uranium>       
		<Hydrocarbon>0</Hydrocarbon>
      </Recipe>	  
    </RecipeData>
	<RecipeData>
      <PrefabName>ItemWallLight</PrefabName>
      <Recipe>
	  	<Time>1</Time>
		<Energy>500</Energy>
        <Iron>1</Iron>
		<Gold>0</Gold>
		<Carbon>0</Carbon>
		<Copper>2</Copper>
		<Steel>0</Steel>
		<Uranium>0</Uranium>       
		<Hydrocarbon>0</Hydrocarbon>
      </Recipe>	  
    </RecipeData>	
	<RecipeData>
      <PrefabName>ItemWeldingTorch</PrefabName>
      <Recipe>
	  	<Time>1</Time>
		<Energy>500</Energy>
        <Iron>3</Iron>
		<Gold>0</Gold>
		<Carbon>0</Carbon>
		<Copper>1</Copper>
		<Steel>0</Steel>
		<Uranium>0</Uranium>       
		<Hydrocarbon>0</Hydrocarbon>
      </Recipe>	  
    </RecipeData>
	<RecipeData>
      <PrefabName>ItemWireCutters</PrefabName>
      <Recipe>
	  	<Time>1</Time>
		<Energy>500</Energy>
        <Iron>3</Iron>
		<Gold>0</Gold>
		<Carbon>0</Carbon>
		<Copper>0</Copper>
		<Steel>0</Steel>
		<Uranium>0</Uranium>       
		<Hydrocarbon>0</Hydrocarbon>
      </Recipe>	  
    </RecipeData>
	<RecipeData>
      <PrefabName>ItemWrench</PrefabName>
      <Recipe>
	  	<Time>1</Time>
		<Energy>500</Energy>
        <Iron>3</Iron>
		<Gold>0</Gold>
		<Carbon>0</Carbon>
		<Copper>0</Copper>
		<Steel>0</Steel>
		<Uranium>0</Uranium>       
		<Hydrocarbon>0</Hydrocarbon>
      </Recipe>	  
    </RecipeData>
	<RecipeData>
      <PrefabName>MotherboardLogic</PrefabName>
      <Recipe>
	  	<Time>1</Time>
		<Energy>500</Energy>
        <Iron>0</Iron>
		<Copper>5</Copper>
		<Gold>5</Gold>
		<Silver>0</Silver>
		<Lead>0</Lead>
		<Nickel>0</Nickel>
		<Steel>0</Steel>
		<Solder>0</Solder>
		<Electrum>15</Electrum>
		<Invar>0</Invar>
		<Constantan>0</Constantan>
		<Carbon>0</Carbon>		      
		<Hydrocarbon>0</Hydrocarbon>
		<Uranium>0</Uranium> 
      </Recipe>	  
    </RecipeData>
	<RecipeData>
      <PrefabName>MotherboardManufacturing</PrefabName>
      <Recipe>
	  	<Time>30</Time>
		<Energy>500</Energy>
        <Iron>0</Iron>
		<Copper>5</Copper>
		<Gold>5</Gold>
		<Silver>0</Silver>
		<Lead>0</Lead>
		<Nickel>0</Nickel>
		<Steel>0</Steel>
		<Solder>0</Solder>
		<Electrum>0</Electrum>
		<Invar>0</Invar>
		<Constantan>0</Constantan>
		<Carbon>0</Carbon>		      
		<Hydrocarbon>0</Hydrocarbon>
		<Uranium>0</Uranium> 
      </Recipe>	  
    </RecipeData>
	<RecipeData>
      <PrefabName>MotherboardSorter</PrefabName>
      <Recipe>
	  	<Time>1</Time>
		<Energy>500</Energy>
        <Iron>0</Iron>
		<Copper>0</Copper>
		<Gold>5</Gold>
		<Silver>5</Silver>
		<Lead>0</Lead>
		<Nickel>0</Nickel>
		<Steel>0</Steel>
		<Solder>0</Solder>
		<Electrum>15</Electrum>
		<Invar>0</Invar>
		<Constantan>0</Constantan>
		<Carbon>0</Carbon>		      
		<Hydrocarbon>0</Hydrocarbon>
		<Uranium>0</Uranium> 
      </Recipe>	  
    </RecipeData>
	<RecipeData>
      <PrefabName>UniformCommander</PrefabName>
      <Recipe>
	  	<Time>5</Time>
		<Energy>500</Energy>
        <Iron>10</Iron>
		<Gold>0</Gold>
		<Carbon>0</Carbon>
		<Copper>0</Copper>
		<Steel>0</Steel>
		<Uranium>0</Uranium>       
		<Hydrocarbon>0</Hydrocarbon>
      </Recipe>	  
    </RecipeData>	
	<RecipeData>
      <PrefabName>UniformOrangeJumpSuit</PrefabName>
      <Recipe>
	  	<Time>5</Time>
		<Energy>500</Energy>
        <Iron>10</Iron>
		<Gold>0</Gold>
		<Carbon>0</Carbon>
		<Copper>0</Copper>
		<Steel>0</Steel>
		<Uranium>0</Uranium>       
		<Hydrocarbon>0</Hydrocarbon>
      </Recipe>	  
    </RecipeData>	
	<RecipeData>
      <PrefabName>WeaponPistolEnergy</PrefabName>
      <Recipe>
	  	<Time>120</Time>
		<Energy>3000</Energy>
		<Gold>10</Gold>
		<Silver>0</Silver>
		<Lead>0</Lead>
		<Nickel>0</Nickel>
		<Steel>10</Steel>
		<Solder>10</Solder>
		<Electrum>20</Electrum>
		<Invar>0</Invar>
		<Constantan>0</Constantan>
		<Carbon>0</Carbon>		      
		<Hydrocarbon>0</Hydrocarbon>
		<Uranium>0</Uranium> 
      </Recipe>	  
    </RecipeData>			
	<RecipeData>
      <PrefabName>WeaponRifleEnergy</PrefabName>
      <Recipe>
	  	<Time>240</Time>
		<Energy>10000</Energy>
		<Gold>10</Gold>
		<Silver>0</Silver>
		<Lead>0</Lead>
		<Nickel>0</Nickel>
		<Steel>20</Steel>
		<Solder>10</Solder>
		<Electrum>20</Electrum>
		<Invar>10</Invar>
		<Constantan>10</Constantan>
		<Carbon>0</Carbon>		      
		<Hydrocarbon>0</Hydrocarbon>
		<Uranium>0</Uranium> 
      </Recipe>	  
    </RecipeData>
	
	<RecipeData>
      <PrefabName>ItemKitBeacon</PrefabName>
      <Recipe>
	  	<Time>20</Time>
		<Energy>1000</Energy>
		<Copper>2</Copper>
		<Gold>4</Gold>
		<Steel>5</Steel>
		<Solder>2</Solder>
      </Recipe>	  
    </RecipeData>

<!--	
	<RecipeData>
      <PrefabName>ItemGrenade</PrefabName>
      <Recipe>
	  	<Time>1</Time>
		<Energy>500</Energy>
        <Iron>1</Iron>
		<Copper>1</Copper>
		<Gold>1</Gold>
		<Silver>1</Silver>
		<Lead>1</Lead>
		<Nickel>1</Nickel>
		<Steel>1</Steel>
		<Solder>1</Solder>
		<Electrum>1</Electrum>
		<Invar>1</Invar>
		<Constantan>1</Constantan>
		<Carbon>1</Carbon>		      
		<Hydrocarbon>1</Hydrocarbon>
		<Uranium>1</Uranium> 
      </Recipe>	  
    </RecipeData>	
-->


	
  </FabricatorRecipes>
</GameData>
<!--

	<RecipeData>
      <PrefabName>Item</PrefabName>
      <Recipe>
	  	<Time>1</Time>
		<Energy>500</Energy>
        <Iron>0</Iron>
		<Copper>0</Copper>
		<Gold>0</Gold>
		<Silver>0</Silver>
		<Lead>0</Lead>
		<Nickel>0</Nickel>
		<Steel>0</Steel>
		<Solder>0</Solder>
		<Electrum>0</Electrum>
		<Invar>0</Invar>
		<Constantan>0</Constantan>
		<Carbon>0</Carbon>		      
		<Hydrocarbon>0</Hydrocarbon>
		<Uranium>0</Uranium> 
      </Recipe>	  
    </RecipeData>	



ApplianceMicrowave
ApplianceReagentProcessor
CartridgeAtmosAnalyser
CartridgeMedicalAnalyser
CartridgeNetworkAnalyser
CircuitboardAirControl
CircuitboardAirlockControl
CircuitboardCameraDisplay
CircuitboardDoorControl
CircuitboardGasDisplay
CircuitboardModeControl
CircuitboardPowerControl
CircuitboardShipDisplay
CircuitboardSolarControl
DynamicAirConditioner
DynamicCrate
DynamicCrateBuildingSupplies
DynamicCrateCableSupplies
DynamicCrateConveyorSupplies
DynamicCratePipeSupplies
DynamicGasCanisterAir
DynamicGasCanisterCarbonDioxide
DynamicGasCanisterEmpty
DynamicGasCanisterFuel
DynamicGasCanisterNitrogen
DynamicGasCanisterOxygen
DynamicGasCanisterPropane
DynamicGasCanisterWater
DynamicGenerator
DynamicLight
DynamicScrubber
EffectSplatEgg
GasTankAir
ItemActiveVent
ItemAreaPowerControl
ItemBatteryCell
ItemBatteryCellLarge
ItemBatteryCellNuclear
ItemBatteryCharger
ItemBook
ItemCableCoil
ItemCableCoilHeavy
ItemCableFuse
ItemChemLightBlue
ItemChemLightGreen
ItemChemLightRed
ItemChemLightWhite
ItemChemLightYellow
ItemCoalOre
ItemCompositeFloorGrating
ItemCopperIngot
ItemCopperOre
ItemCrowbar
ItemDataDisk
ItemDrill
ItemDuctTape
ItemEggCarton
ItemEvaSuit
ItemFireExtinguisher
ItemFlashingLight
ItemFlour
ItemGasCanisterCarbonDioxide
ItemGasCanisterChlorine
ItemGasCanisterEmpty
ItemGasCanisterFuel
ItemGasCanisterHydrogen
ItemGasCanisterNitrogen
ItemGasCanisterOxygen
ItemGasCanisterWater
ItemGasFilterCarbonDioxide
ItemGasFilterChlorine
ItemGasFilterNitrogen
ItemGasFilterOxygen
ItemGasFilterPropane
ItemGasFilterWater
ItemGasSensor
ItemGasTankStorage
ItemGlassSheets
ItemGoldIngot
ItemGoldOre
ItemGrenade
ItemHat
ItemHydroponicTray
ItemIce
ItemIgniter
ItemInsulation
ItemIronIngot
ItemIronOre
ItemKitAirlock
ItemKitAtmospherics
ItemKitBattery
ItemKitCentrifuge
ItemKitChute
ItemKitComputer
ItemKitConsole
ItemKitConveyor
ItemKitCryoTube
ItemKitEngine
ItemKitFabricator
ItemKitFurnace
ItemKitFurniture
ItemKitGenerator
ItemKitGyroscope
ItemKitRegulator
ItemKitSensor
ItemKitSleeper
ItemKitSolarPanel
ItemKitStairs
ItemKitStellarAnchor
ItemKitStorage
ItemKitTank
ItemKitTorpedoTube
ItemKitTransformer
ItemKitTurret
ItemKitWall
ItemLabeller
ItemLightSword
ItemMilk
ItemMiningBelt
ItemMiningDrill
ItemMuffin
ItemPassiveVent
ItemPickaxe
ItemPillHeal
ItemPillStun
ItemPipeAnalyizer
ItemPipeCorner
ItemPipeCrossJunction
ItemPipeCrossJunction3
ItemPipeCrossJunction5
ItemPipeCrossJunction6
ItemPipeDigitalValve
ItemPipeGasMixer
ItemPipeLabel
ItemPipeMeter
ItemPipeRadiator
ItemPipeStraight
ItemPipeTJunction
ItemPipeValve
ItemPipeVolumePump
ItemPowerConnector
ItemReagentMix
ItemRoadFlare
ItemRTG
ItemScanner
ItemScrewdriver
ItemSecurityCamera
ItemSpaceCleaner
ItemSpaceHelmet
ItemSpacepack
ItemSprayCanBlack
ItemSprayCanBlue
ItemSprayCanBrown
ItemSprayCanGreen
ItemSprayCanGrey
ItemSprayCanKhaki
ItemSprayCanOrange
ItemSprayCanPink
ItemSprayCanPurple
ItemSprayCanRed
ItemSprayCanWhite
ItemSprayCanYellow
ItemSteelFrames
ItemSteelIngot
ItemSteelSheets
ItemSuitStorage
ItemTablet
ItemTankConnector
ItemToolBelt
ItemUraniumOre
ItemWallCooler
ItemWallHeater
ItemWallLight
ItemWasteIngot
ItemWeldingTorch
ItemWheat
ItemWireCutters
ItemWrench
-->